<metadata xml:lang="en"><Esri><CreaDate>20130526</CreaDate><CreaTime>12494300</CreaTime><ArcGISFormat>1.0</ArcGISFormat><SyncOnce>TRUE</SyncOnce><scaleRange><minScale>150000000</minScale><maxScale>5000</maxScale></scaleRange><ArcGISProfile>ItemDescription</ArcGISProfile></Esri><dataIdInfo><idCitation><resTitle>Geographic Distance Matrix</resTitle></idCitation><idAbs>&lt;DIV STYLE="text-align:Left;"&gt;&lt;DIV&gt;&lt;DIV&gt;&lt;P&gt;&lt;SPAN&gt;Computes a full pairwise distance matrix between all input locations. Calculations are performed using &lt;/SPAN&gt;&lt;A href="http://en.wikipedia.org/wiki/Vincenty's_formulae"&gt;&lt;SPAN&gt;Vincenty's formulae&lt;/SPAN&gt;&lt;/A&gt;&lt;SPAN&gt;, accurate to within 0.5mm. &lt;/SPAN&gt;&lt;/P&gt;&lt;/DIV&gt;&lt;/DIV&gt;&lt;/DIV&gt;</idAbs><idCredit>Created by the geneGIS team: Dori Dick, Shaun Walbridge, Scott Baker, Dawn Wright</idCredit><searchKeys><keyword>analysis</keyword><keyword>geodesic</keyword><keyword>matrix</keyword><keyword>distance</keyword></searchKeys></dataIdInfo><distInfo><distributor><distorFormat><formatName>ArcToolbox Tool</formatName></distorFormat></distributor></distInfo><tool displayname="Geographic Distance Matrix" name="DistanceMatrix" toolboxalias=""><parameters><param datatype="Feature Layer" direction="Input" displayname="Feature Class" expression="Input_Feature_Class" name="Input_Feature_Class" type="Required"><dialogReference>&lt;DIV
        STYLE="text-align:Left;"&gt;&lt;DIV&gt;&lt;P&gt;&lt;SPAN&gt;Input
        points to be used for distance
        calculations.&lt;/SPAN&gt;&lt;/P&gt;&lt;/DIV&gt;&lt;/DIV&gt;</dialogReference></param><param datatype="String" direction="Input" displayname="Distance Units" expression="Kilometers | Meters | Decimeter | Centimeters | Millimeters | Nautical miles | Miles | Yards | Feet | Inches" name="Distance_Units" type="Required"><dialogReference>&lt;DIV
        STYLE="text-align:Left;"&gt;&lt;DIV&gt;&lt;P&gt;&lt;SPAN&gt;Preferred
        units for the distance matrix. Calculations are performed
        internally in meters, but can be converted as needed via
        this
        parameter.&lt;/SPAN&gt;&lt;/P&gt;&lt;/DIV&gt;&lt;/DIV&gt;</dialogReference></param><param datatype="String" direction="Input" displayname="Matrix Type" expression="Square | Square (SPAGeDi formatted)" name="Matrix_Type" type="Required"><dialogReference>&lt;DIV STYLE="text-align:Left;"&gt;&lt;DIV&gt;&lt;P&gt;&lt;SPAN&gt;'Square matrix' produces a standard &lt;/SPAN&gt;&lt;A href="http://en.wikipedia.org/wiki/Distance_matrix"&gt;&lt;SPAN&gt;distance matrix&lt;/SPAN&gt;&lt;/A&gt;&lt;SPAN&gt;, with the diagonal computing distances to self, and other locations representing the pairwise distance. Distances are here assumed to be symmetrical between any pair.&lt;/SPAN&gt;&lt;/P&gt;&lt;P&gt;&lt;SPAN&gt;'Square matrix (SPAGeDi formatted)' produces the same result, but includes additional metadata columns required by SPAGeDi.&lt;/SPAN&gt;&lt;/P&gt;&lt;/DIV&gt;&lt;/DIV&gt;</dialogReference></param><param datatype="File" direction="Output" displayname="Output Matrix" expression="Output_Matrix" name="Output_Matrix" type="Required"><dialogReference>&lt;DIV
        STYLE="text-align:Left;"&gt;&lt;DIV&gt;&lt;P&gt;&lt;SPAN&gt;The
        resulting distance matrix, output as a comma separated
        value (CSV) file. The first row and column both contain the
        identifiers of the input dataset, which are defined by the
        OBJECT_ID field within the input data layer by
        default.&lt;/SPAN&gt;&lt;/P&gt;&lt;/DIV&gt;&lt;/DIV&gt;</dialogReference></param></parameters><summary>&lt;DIV STYLE="text-align:Left;"&gt;&lt;DIV&gt;&lt;DIV&gt;&lt;P&gt;&lt;SPAN&gt;Computes a full pairwise distance matrix between all input locations. Calculations are performed using &lt;/SPAN&gt;&lt;A href="http://en.wikipedia.org/wiki/Vincenty's_formulae"&gt;&lt;SPAN&gt;Vincenty's formulae&lt;/SPAN&gt;&lt;/A&gt;&lt;SPAN&gt;, accurate to within 0.5mm. &lt;/SPAN&gt;&lt;/P&gt;&lt;/DIV&gt;&lt;/DIV&gt;&lt;/DIV&gt;</summary><usage>&lt;DIV STYLE="text-align:Left;"&gt;&lt;DIV&gt;&lt;P&gt;&lt;SPAN&gt;This tool will run in Python for small and medium sized datasets (up to 200 rows), and larger datasets will be computed via ArcObjects for performance. &lt;/SPAN&gt;&lt;/P&gt;&lt;/DIV&gt;&lt;/DIV&gt;</usage></tool><mdHrLv><ScopeCd value="005" /></mdHrLv></metadata>