<metadata xml:lang="en"><Esri><CreaDate>20130605</CreaDate><CreaTime>17094200</CreaTime><ArcGISFormat>1.0</ArcGISFormat><SyncOnce>TRUE</SyncOnce><scaleRange><minScale>150000000</minScale><maxScale>5000</maxScale></scaleRange><ArcGISProfile>ItemDescription</ArcGISProfile></Esri><dataIdInfo><idCitation><resTitle>Individual Paths</resTitle></idCitation><searchKeys><keyword>paths</keyword><keyword>tracks</keyword><keyword>individual</keyword><keyword>geographic</keyword></searchKeys><idCredit>Created by the geneGIS team: Dori Dick, Shaun Walbridge, Scott Baker, Dawn Wright</idCredit></dataIdInfo><distInfo><distributor><distorFormat><formatName>ArcToolbox Tool</formatName></distorFormat></distributor></distInfo><tool displayname="Individual Paths" name="MakeIndividualPaths" toolboxalias=""><parameters><param datatype="Feature Layer" direction="Input" displayname="Selected Individuals" expression="Selected_Feature_Class" name="Selected_Feature_Class" type="Required"><dialogReference>&lt;DIV STYLE="text-align:Left;"&gt;&lt;DIV&gt;&lt;DIV&gt;&lt;P&gt;&lt;SPAN&gt;The subset of your data from which unique individuals should be used to generate paths.&lt;/SPAN&gt;&lt;/P&gt;&lt;/DIV&gt;&lt;/DIV&gt;&lt;/DIV&gt;</dialogReference></param><param datatype="Feature Layer" direction="Input" displayname="Source features (to link with selected individuals)" expression="Source_Feature_Class" name="Source_Feature_Class" type="Required"><dialogReference>&lt;DIV STYLE="text-align:Left;"&gt;&lt;DIV&gt;&lt;P&gt;&lt;SPAN&gt;The full dataset to search for the selected individuals.&lt;/SPAN&gt;&lt;/P&gt;&lt;/DIV&gt;&lt;/DIV&gt;</dialogReference></param><param datatype="String" direction="Output" displayname="Output Pathsfeatures " expression="Output_Feature_Class" name="Output_Feature_Class" type="Required"><dialogReference>&lt;DIV STYLE="text-align:Left;"&gt;&lt;DIV&gt;&lt;P&gt;&lt;SPAN&gt;Output lines which contain each selected individual path as a separate feature.&lt;/SPAN&gt;&lt;/P&gt;&lt;/DIV&gt;&lt;/DIV&gt;</dialogReference></param></parameters><usage>&lt;DIV STYLE="text-align:Left;"&gt;&lt;DIV&gt;&lt;P&gt;&lt;SPAN&gt;Create individual paths, which link a selected set of individuals across all locations they have been observed. Assumes linear movement betwen locations.&lt;/SPAN&gt;&lt;/P&gt;&lt;/DIV&gt;&lt;/DIV&gt;</usage></tool><mdHrLv><ScopeCd value="005" /></mdHrLv></metadata>