<metadata xml:lang="en"><Esri><CreaDate>20130606</CreaDate><CreaTime>01551500</CreaTime><ArcGISFormat>1.0</ArcGISFormat><SyncOnce>FALSE</SyncOnce><scaleRange><minScale>150000000</minScale><maxScale>5000</maxScale></scaleRange><ArcGISProfile>ItemDescription</ArcGISProfile></Esri><dataIdInfo><idCitation><resTitle>Export to Alleles In Space</resTitle></idCitation><searchKeys><keyword>export</keyword><keyword>genetics</keyword><keyword>spatial</keyword><keyword>analysis</keyword></searchKeys><idCredit>Created by the geneGIS team: Dori Dick, Shaun Walbridge, Scott Baker, Dawn Wright</idCredit><idAbs>&lt;DIV STYLE="text-align:Left;"&gt;&lt;DIV&gt;&lt;P&gt;&lt;SPAN&gt;Export data to be used with &lt;/SPAN&gt;&lt;A href="http://www.marksgeneticsoftware.net/"&gt;&lt;SPAN&gt;Allleles in Space &lt;/SPAN&gt;&lt;/A&gt;&lt;SPAN&gt;(AIS), software for the joint analysis of inter-individual spatial and genetic information.&lt;/SPAN&gt;&lt;/P&gt;&lt;/DIV&gt;&lt;/DIV&gt;</idAbs></dataIdInfo><distInfo><distributor><distorFormat><formatName>ArcToolbox Tool</formatName></distorFormat></distributor></distInfo><tool displayname="Export to Alleles In Space" name="ExportAllelesInSpace" toolboxalias=""><parameters><param datatype="Feature Layer" direction="Input" displayname="Input Feature Class" expression="Input_Feature_Class" name="Input_Feature_Class" type="Required"><dialogReference>&lt;DIV STYLE="text-align:Left;"&gt;&lt;DIV&gt;&lt;P&gt;&lt;SPAN&gt;Input dataset to use for export.&lt;/SPAN&gt;&lt;/P&gt;&lt;/DIV&gt;&lt;/DIV&gt;</dialogReference></param><param datatype="Field" direction="Input" displayname="Sample ID Field" expression="Sample ID Field" name="Sample ID Field" type="Required"><dialogReference>&lt;DIV STYLE="text-align:Left;"&gt;&lt;P&gt;&lt;SPAN&gt;Sample ID denotes the field which contains unique observations in the dataset.&lt;/SPAN&gt;&lt;/P&gt;&lt;/DIV&gt;</dialogReference></param><param datatype="SQL Expression" direction="Output" displayname="Where Clause" expression="{Where_Clause}" name="Where_Clause" type="Optional"><dialogReference>&lt;DIV STYLE="text-align:Left;"&gt;&lt;DIV&gt;&lt;P&gt;&lt;SPAN&gt;Optional clause to filter input data.&lt;/SPAN&gt;&lt;/P&gt;&lt;/DIV&gt;&lt;/DIV&gt;</dialogReference></param><param datatype="File" direction="Output" displayname="Output Coordinates File" expression="Output_Coordinates" name="Output_Coordinates" type="Required"><dialogReference>&lt;DIV STYLE="text-align:Left;"&gt;&lt;DIV&gt;&lt;P&gt;&lt;SPAN&gt;Output coordinates text file.&lt;/SPAN&gt;&lt;/P&gt;&lt;/DIV&gt;&lt;/DIV&gt;</dialogReference></param><param datatype="File" direction="Output" displayname="Output Genetics File" expression="Output_Genetics" name="Output_Genetics" type="Required"><dialogReference>&lt;DIV STYLE="text-align:Left;"&gt;&lt;DIV&gt;&lt;P&gt;&lt;SPAN&gt;Output genetics text file.&lt;/SPAN&gt;&lt;/P&gt;&lt;/DIV&gt;&lt;/DIV&gt;</dialogReference></param></parameters><summary>&lt;DIV STYLE="text-align:Left;"&gt;&lt;DIV&gt;&lt;P&gt;&lt;SPAN&gt;Export data to be used with &lt;/SPAN&gt;&lt;A href="http://www.marksgeneticsoftware.net/"&gt;&lt;SPAN&gt;Allleles in Space &lt;/SPAN&gt;&lt;/A&gt;&lt;SPAN&gt;(AIS), software for the joint analysis of inter-individual spatial and genetic information.&lt;/SPAN&gt;&lt;/P&gt;&lt;/DIV&gt;&lt;/DIV&gt;</summary></tool><mdHrLv><ScopeCd value="005" /></mdHrLv></metadata>