<metadata xml:lang="en"><Esri><CreaDate>20120912</CreaDate><CreaTime>21521100</CreaTime><ArcGISFormat>1.0</ArcGISFormat><SyncOnce>TRUE</SyncOnce><scaleRange><minScale>150000000</minScale><maxScale>5000</maxScale></scaleRange><ArcGISProfile>ItemDescription</ArcGISProfile></Esri><dataIdInfo><idCitation><resTitle>Select Data By Attributes</resTitle></idCitation><searchKeys><keyword>selection</keyword><keyword>filter</keyword><keyword>data</keyword></searchKeys><idCredit>Created by the geneGIS team: Dori Dick, Shaun Walbridge, Scott Baker, Dawn Wright</idCredit></dataIdInfo><distInfo><distributor><distorFormat><formatName>ArcToolbox Tool</formatName></distorFormat></distributor></distInfo><tool displayname="Select Data By Attributes" name="SelectDataByAttributes" toolboxalias=""><parameters><param datatype="Feature Layer" direction="Input" displayname="Input Feature Class" expression="Input_Feature_Class" name="Input_Feature_Class" type="Required" /><param datatype="String" direction="Input" displayname="Selection Type" expression="NEW_SELECTION" name="Selection_Type" type="Required" /><param datatype="SQL Expression" direction="Input" displayname="SQL Expression" expression="SQL_Expression" name="SQL_Expression" type="Required" /><param datatype="String" direction="Input" displayname="Selection Type 2" expression="{ADD_TO_SELECTION | SUBSET_SELECTION}" name="Selection_Type_2" type="Optional" /><param datatype="SQL Expression" direction="Input" displayname="SQL Expression 2" expression="{SQL_Expression_2}" name="SQL_Expression_2" type="Optional" /><param datatype="String" direction="Input" displayname="Selection Type 3" expression="{ADD_TO_SELECTION | SUBSET_SELECTION}" name="Selection_Type_3" type="Optional" /><param datatype="SQL Expression" direction="Input" displayname="SQL Expression 3" expression="{SQL_Expression_3}" name="SQL_Expression_3" type="Optional" /><param datatype="Workspace" direction="Input" displayname="Output Feature Class Location" expression="Output_Feature_Class_Location" name="Output_Feature_Class_Location" type="Required" /><param datatype="String" direction="Input" displayname="Output Feature Class Name" expression="Output_Feature_Class_Name" name="Output_Feature_Class_Name" type="Required" /><param datatype="Folder" direction="Input" displayname="Log File Location" expression="Log_File_Location" name="Log_File_Location" type="Required" /></parameters></tool><mdHrLv><ScopeCd value="005" /></mdHrLv></metadata>