<metadata xml:lang="en">
	<Esri>
		<CreaDate>20120912</CreaDate>
		<CreaTime>21515900</CreaTime>
		<ArcGISFormat>1.0</ArcGISFormat>
		<SyncOnce>TRUE</SyncOnce>
		</Esri>
	<toolbox alias="" name="genegis">
		<arcToolboxHelpPath>c:\apps\arcgis\desktop10.1\Help\gp</arcToolboxHelpPath>
		<toolsets />
	</toolbox>
	<dataIdInfo>
		<idCitation>
			<resTitle>genegis</resTitle>
		</idCitation>
	</dataIdInfo>
	<distInfo>
		<distributor>
			<distorFormat>
				<formatName>ArcToolbox Toolbox</formatName>
			</distorFormat>
		</distributor>
	</distInfo>
</metadata>