<metadata xml:lang="en">
  <Esri>
    <CreaDate>20130507</CreaDate>
    <CreaTime>19371200</CreaTime>
    <ArcGISFormat>1.0</ArcGISFormat>
    <SyncOnce>TRUE</SyncOnce>
    </Esri>
  <dataIdInfo>
    <idCitation>
      <resTitle>Export to Genepop</resTitle>
    </idCitation>
  </dataIdInfo>
  <distInfo>
    <distributor>
      <distorFormat>
        <formatName>ArcToolbox Tool</formatName>
      </distorFormat>
    </distributor>
  </distInfo>
  <tool displayname="Export to Genepop" name="exportToGenepop" toolboxalias="">
    <parameters>
      <param datatype="Feature Layer" direction="Input" displayname="Input Feature Class" expression="Input_Feature_Class" name="Input_Feature_Class" type="Required" />
      <param datatype="SQL Expression" direction="Input" displayname="Where Clause" expression="{Where_Clause}" name="Where_Clause" type="Optional" />
      <param datatype="Field" direction="Input" displayname="Attribute Field (to order by population)" expression="Attribute_Field_to_order_by_population_" name="Attribute_Field_to_order_by_population_" type="Required" />
      <param datatype="File" direction="Output" displayname="Output File" expression="Output_File" name="Output_File" type="Required" />
    </parameters>
  </tool>
</metadata>