<metadata xml:lang="en"><Esri><CreaDate>20130603</CreaDate><CreaTime>19263800</CreaTime><ArcGISFormat>1.0</ArcGISFormat><SyncOnce>TRUE</SyncOnce><scaleRange><minScale>150000000</minScale><maxScale>5000</maxScale></scaleRange><ArcGISProfile>ItemDescription</ArcGISProfile></Esri><dataIdInfo><idCitation><resTitle>Genetic Analysis - F_st</resTitle></idCitation><idAbs>&lt;DIV STYLE="text-align:Left;"&gt;&lt;DIV&gt;&lt;DIV&gt;&lt;P&gt;&lt;SPAN&gt;Use SPAGeDi to compute a variety of F_st, or F-statistics, on input data.&lt;/SPAN&gt;&lt;/P&gt;&lt;/DIV&gt;&lt;/DIV&gt;&lt;/DIV&gt;</idAbs><searchKeys><keyword>genetic</keyword><keyword>analysis</keyword><keyword>SPAGeDi</keyword></searchKeys><idCredit>Created by the geneGIS team: Dori Dick, Shaun Walbridge, Scott Baker, Dawn Wright</idCredit></dataIdInfo><distInfo><distributor><distorFormat><formatName>ArcToolbox Tool</formatName></distorFormat></distributor></distInfo><tool displayname="Genetic Analysis - F_st" name="SpagediFst" toolboxalias=""><parameters><param datatype="Feature Layer" direction="Input" displayname="Feature Class" expression="Input_Feature_Class" name="Input_Feature_Class" type="Required"><dialogReference>&lt;DIV STYLE="text-align:Left;"&gt;&lt;DIV&gt;&lt;P&gt;&lt;SPAN&gt;Input dataset for computing F-Statistics against.&lt;/SPAN&gt;&lt;/P&gt;&lt;/DIV&gt;&lt;/DIV&gt;</dialogReference></param><param datatype="Field" direction="Input" displayname="Population Field" expression="Population Field" name="Population Field" type="Required"><dialogReference>&lt;DIV STYLE="text-align:Left;"&gt;&lt;DIV&gt;&lt;P&gt;&lt;SPAN&gt;Input dataset field which contains the populations used for comparison.&lt;/SPAN&gt;&lt;/P&gt;&lt;/DIV&gt;&lt;/DIV&gt;</dialogReference></param><param datatype="String" direction="Input" displayname="Analysis Type" expression="Jacknifing" name="Analysis_Type" type="Required"><dialogReference>&lt;DIV STYLE="text-align:Left;"&gt;&lt;DIV&gt;&lt;P&gt;&lt;SPAN&gt;Jacknifing: mean jackknifed estimators and jackknife standard errors (SE) are computed for multilocus average statistics. They can be used to derive approximate confidence intervals using the mean &#177; 2SE. Jackknifying necessitates at least 2 polymorphic loci, but many polymorphic loci estimates are necessary to obtain reliable SE. Because SE are approximate, they should not be used for formal tests. (From SPAGeDI manual, &#167;4.2.5)&lt;/SPAN&gt;&lt;/P&gt;&lt;P&gt;&lt;SPAN /&gt;&lt;/P&gt;&lt;/DIV&gt;&lt;/DIV&gt;</dialogReference></param><param datatype="File" direction="Output" displayname="Output Results File" expression="Output_File" name="Output_File" type="Required"><dialogReference>&lt;DIV STYLE="text-align:Left;"&gt;&lt;DIV&gt;&lt;P&gt;&lt;SPAN&gt;A text file containing the results of the SPAGeDi analysis. Will be opened in the default text editor once analysis is complete.&lt;/SPAN&gt;&lt;/P&gt;&lt;/DIV&gt;&lt;/DIV&gt;</dialogReference></param></parameters><summary>&lt;DIV STYLE="text-align:Left;"&gt;&lt;DIV&gt;&lt;DIV&gt;&lt;P&gt;&lt;SPAN&gt;Use SPAGeDi to compute a variety of F_st, or F-statistics, on input data.&lt;/SPAN&gt;&lt;/P&gt;&lt;/DIV&gt;&lt;/DIV&gt;&lt;/DIV&gt;</summary></tool><mdHrLv><ScopeCd value="005" /></mdHrLv></metadata>