<metadata xml:lang="en"><Esri><CreaDate>20130507</CreaDate><CreaTime>19404800</CreaTime><ArcGISFormat>1.0</ArcGISFormat><SyncOnce>TRUE</SyncOnce><scaleRange><minScale>150000000</minScale><maxScale>5000</maxScale></scaleRange><ArcGISProfile>ItemDescription</ArcGISProfile></Esri><dataIdInfo><idCitation><resTitle>Export to Genepop</resTitle></idCitation><searchKeys><keyword>export</keyword><keyword>genetics</keyword><keyword>spatial</keyword><keyword>genepop</keyword></searchKeys><idAbs>&lt;DIV STYLE="text-align:Left;"&gt;&lt;DIV&gt;&lt;DIV&gt;&lt;P STYLE="margin:0 0 7 0;"&gt;&lt;SPAN&gt;Exports spatially referenced genetic data (e.g., co-dominant microsatellite data) from a Feature Class to a text file formatted for use in Genepop (Raymond and Rousset 1995; Rousset 2008). &lt;/SPAN&gt;&lt;/P&gt;&lt;P STYLE="margin:0 0 7 0;"&gt;&lt;SPAN&gt;For more information on Genepop go to: http://genepop.curtin.edu.au&lt;/SPAN&gt;&lt;/P&gt;&lt;P STYLE="margin:0 0 7 0;"&gt;&lt;SPAN /&gt;&lt;/P&gt;&lt;P STYLE="margin:0 0 7 0;"&gt;&lt;SPAN STYLE="font-weight:bold;"&gt;Required Inputs:&lt;/SPAN&gt;&lt;/P&gt;&lt;UL&gt;&lt;LI&gt;&lt;P&gt;&lt;SPAN&gt;An existing Feature Class containing spatially referenced genetic data (e.g., co-dominant microsatellite data)&lt;/SPAN&gt;&lt;/P&gt;&lt;/LI&gt;&lt;LI&gt;&lt;P&gt;&lt;SPAN&gt;A Population Field from the attribute table that can be uesd to organize the data by distinct populations or groupings&lt;/SPAN&gt;&lt;/P&gt;&lt;/LI&gt;&lt;LI&gt;&lt;P&gt;&lt;SPAN&gt;A File Path and File Name for the Output Text File&lt;/SPAN&gt;&lt;/P&gt;&lt;/LI&gt;&lt;/UL&gt;&lt;P&gt;&lt;SPAN STYLE="font-weight:bold;"&gt;Optional Inputs:&lt;/SPAN&gt;&lt;/P&gt;&lt;UL&gt;&lt;LI&gt;&lt;P&gt;&lt;SPAN&gt;A Where Clause option to identify and select only those Feature Class records with genetic data&lt;/SPAN&gt;&lt;/P&gt;&lt;P&gt;&lt;SPAN&gt;Note: If your data only contain genetic records, this parameter can be left blank.&lt;/SPAN&gt;&lt;/P&gt;&lt;/LI&gt;&lt;/UL&gt;&lt;P&gt;&lt;SPAN STYLE="font-weight:bold;"&gt;Script Outputs:&lt;/SPAN&gt;&lt;/P&gt;&lt;UL&gt;&lt;LI&gt;&lt;P&gt;&lt;SPAN&gt;A Text File formatted to meet the input file format for Genepop&lt;/SPAN&gt;&lt;/P&gt;&lt;/LI&gt;&lt;/UL&gt;&lt;/DIV&gt;&lt;/DIV&gt;&lt;/DIV&gt;</idAbs><idCredit>Created by the geneGIS team: Dori Dick, Shaun
    Walbridge, Scott Baker, Dawn Wright</idCredit></dataIdInfo><distInfo><distributor><distorFormat><formatName>ArcToolbox Tool</formatName></distorFormat></distributor></distInfo><tool displayname="Export to Genepop" name="ExportGenepop" toolboxalias=""><parameters><param datatype="Feature Layer" direction="Input" displayname="Input Feature Class" expression="Input_Feature_Class" name="Input_Feature_Class" type="Required"><dialogReference>&lt;DIV
        STYLE="text-align:Left;"&gt;&lt;DIV&gt;&lt;DIV&gt;&lt;P&gt;&lt;SPAN&gt;Select
        a Feature Class containing spatially referenced genetic
        data.&lt;/SPAN&gt;&lt;/P&gt;&lt;/DIV&gt;&lt;/DIV&gt;&lt;/DIV&gt;</dialogReference></param><param datatype="SQL Expression" direction="Output" displayname="Where Clause" expression="{Where_Clause}" name="Where_Clause" type="Optional"><dialogReference>&lt;DIV
        STYLE="text-align:Left;"&gt;&lt;DIV&gt;&lt;DIV&gt;&lt;P&gt;&lt;SPAN&gt;If
        the Feature Class contains spatailly referenced data that
        are not genetic, use the Where Clause to select only those
        records containing genetic
        data.&lt;/SPAN&gt;&lt;/P&gt;&lt;/DIV&gt;&lt;/DIV&gt;&lt;/DIV&gt;</dialogReference></param><param datatype="Field" direction="Input" displayname="Population Field" expression="Population Field" name="Population Field" type="Required"><dialogReference>&lt;DIV
        STYLE="text-align:Left;"&gt;&lt;DIV&gt;&lt;P&gt;&lt;SPAN&gt;Select
        a field from the attribute table that can be used to sort
        the data by population or
        grouping.&lt;/SPAN&gt;&lt;/P&gt;&lt;P&gt;&lt;SPAN&gt;For
        example, select the field 'Region' to sort the data by the
        region from where each sample was collected (e.g. SEAK,
        CentAM, Hawaii
        etc.).&lt;/SPAN&gt;&lt;/P&gt;&lt;/DIV&gt;&lt;/DIV&gt;</dialogReference></param><param datatype="File" direction="Output" displayname="Output File" expression="Output_File" name="Output_File" type="Required"><dialogReference>&lt;DIV
        STYLE="text-align:Left;"&gt;&lt;DIV&gt;&lt;DIV&gt;&lt;P&gt;&lt;SPAN&gt;Provide
        a file path and file name for the Output Text
        File.&lt;/SPAN&gt;&lt;/P&gt;&lt;/DIV&gt;&lt;/DIV&gt;&lt;/DIV&gt;</dialogReference></param></parameters><summary>&lt;DIV STYLE="text-align:Left;"&gt;&lt;DIV&gt;&lt;DIV&gt;&lt;P STYLE="margin:0 0 7 0;"&gt;&lt;SPAN&gt;Exports spatially referenced genetic data (e.g., co-dominant microsatellite data) from a Feature Class to a text file formatted for use in Genepop (Raymond and Rousset 1995; Rousset 2008). &lt;/SPAN&gt;&lt;/P&gt;&lt;P STYLE="margin:0 0 7 0;"&gt;&lt;SPAN&gt;For more information on Genepop go to: http://genepop.curtin.edu.au&lt;/SPAN&gt;&lt;/P&gt;&lt;P STYLE="margin:0 0 7 0;"&gt;&lt;SPAN /&gt;&lt;/P&gt;&lt;P STYLE="margin:0 0 7 0;"&gt;&lt;SPAN STYLE="font-weight:bold;"&gt;Required Inputs:&lt;/SPAN&gt;&lt;/P&gt;&lt;UL&gt;&lt;LI&gt;&lt;P&gt;&lt;SPAN&gt;An existing Feature Class containing spatially referenced genetic data (e.g., co-dominant microsatellite data)&lt;/SPAN&gt;&lt;/P&gt;&lt;/LI&gt;&lt;LI&gt;&lt;P&gt;&lt;SPAN&gt;A Population Field from the attribute table that can be uesd to organize the data by distinct populations or groupings&lt;/SPAN&gt;&lt;/P&gt;&lt;/LI&gt;&lt;LI&gt;&lt;P&gt;&lt;SPAN&gt;A File Path and File Name for the Output Text File&lt;/SPAN&gt;&lt;/P&gt;&lt;/LI&gt;&lt;/UL&gt;&lt;P&gt;&lt;SPAN STYLE="font-weight:bold;"&gt;Optional Inputs:&lt;/SPAN&gt;&lt;/P&gt;&lt;UL&gt;&lt;LI&gt;&lt;P&gt;&lt;SPAN&gt;A Where Clause option to identify and select only those Feature Class records with genetic data&lt;/SPAN&gt;&lt;/P&gt;&lt;P&gt;&lt;SPAN&gt;Note: If your data only contain genetic records, this parameter can be left blank.&lt;/SPAN&gt;&lt;/P&gt;&lt;/LI&gt;&lt;/UL&gt;&lt;P&gt;&lt;SPAN STYLE="font-weight:bold;"&gt;Script Outputs:&lt;/SPAN&gt;&lt;/P&gt;&lt;UL&gt;&lt;LI&gt;&lt;P&gt;&lt;SPAN&gt;A Text File formatted to meet the input file format for Genepop&lt;/SPAN&gt;&lt;/P&gt;&lt;/LI&gt;&lt;/UL&gt;&lt;/DIV&gt;&lt;/DIV&gt;&lt;/DIV&gt;</summary><usage>&lt;DIV STYLE="text-align:Left;"&gt;&lt;DIV&gt;&lt;DIV&gt;&lt;P STYLE="margin:0 0 7 0;"&gt;&lt;SPAN&gt;To export co-dominant microsatellite data from a feature class to the format required for use in Genepop.&lt;/SPAN&gt;&lt;/P&gt;&lt;P /&gt;&lt;P&gt;&lt;SPAN /&gt;&lt;/P&gt;&lt;/DIV&gt;&lt;/DIV&gt;&lt;/DIV&gt;</usage></tool><mdHrLv><ScopeCd value="005" /></mdHrLv></metadata>